{"name":"Invoiza - Invoice & Quote Manager","short_name":"Invoiza","description":"Professional invoice and quote management application","id":"/invoiza/","start_url":"/invoiza/","scope":"/invoiza/","display":"standalone","background_color":"#ffffff","theme_color":"#3B82F6","orientation":"portrait-primary","prefer_related_applications":false,"icons":[{"src":"icon-192x192.png","sizes":"192x192","type":"image/png","purpose":"any maskable"},{"src":"icon-256x256.png","sizes":"256x256","type":"image/png","purpose":"any maskable"},{"src":"icon-512x512.png","sizes":"512x512","type":"image/png","purpose":"any maskable"}],"categories":["business","finance","productivity"],"screenshots":[{"src":"screenshot1.png","sizes":"1080x1920","type":"image/png"}]}